{"ta_runs": 65, "wallclock_time_used": 53.86142921447754, "ta_time_used": 28.137462854385376, "inc_changed": 2, "_n_configs_per_intensify": 62, "_n_calls_of_intensify": 23, "_ema_n_configs_per_intensifiy": 2.3122905867440267, "_EMA_ALPHA": 0.2}