,algorithm,acc_train,acc_dev,precision_1,recall_1,f1-score_1,precision_2,recall_2,f1-score_2,precision_3,recall_3,f1-score_3
0,Nearest Neighbors,0.7590943975441289,0.7123671386362764,0.6156530408773679,0.48507462686567165,0.5426186291739895,0.71974038124196,0.8320827418373555,0.7718451167894654,0.722134330504818,0.5756707177252923,0.6406379585326952
